"Project","Version","Lien","Type"
"rules","7.x-2.9","https://drupal.org/project/rules","Module"
"entity","7.x-1.6","https://drupal.org/project/entity","Module"
"views_merge_rows","7.x-1.0-rc1","https://drupal.org/project/views_merge_rows","Module"
"drupal","7.35","https://drupal.org/project/drupal","Module, Theme"
"ctools","7.x-1.7","https://drupal.org/project/ctools","Module"
"noreqnewpass","7.x-1.2","https://drupal.org/project/noreqnewpass","Module"
"enabled_modules","7.x-1.0-beta3","https://drupal.org/project/enabled_modules","Module"
"views_data_export","7.x-3.0-beta8","https://drupal.org/project/views_data_export","Module"
"date","7.x-2.8","https://drupal.org/project/date","Module"
"logintoboggan","7.x-1.4","https://drupal.org/project/logintoboggan","Module"
"views","7.x-3.10","https://drupal.org/project/views","Module"
"link","7.x-1.3","https://drupal.org/project/link","Module"
"hook_post_action","7.x-1.0-beta1","https://drupal.org/project/hook_post_action","Module"
"uif","7.x-1.5","https://drupal.org/project/uif","Module"
"","7.x-2.1-rc2","","Module"
"views_system","7.x-3.2","https://drupal.org/project/views_system","Module"
"private_taxonomy","7.x-1.6","https://drupal.org/project/private_taxonomy","Module"
"ckeditor","7.x-1.16","https://drupal.org/project/ckeditor","Module"
"users_export","7.x-2.0-rc7","https://drupal.org/project/users_export","Module"
"smtp","7.x-1.2","https://drupal.org/project/smtp","Module"
"field_permissions","7.x-1.0-beta2","https://drupal.org/project/field_permissions","Module"
"calendar","7.x-3.5","https://drupal.org/project/calendar","Module"
"insert","7.x-1.3","https://drupal.org/project/insert","Module"
"better_formats","7.x-1.0-beta1","https://drupal.org/project/better_formats","Module"
"genpass","7.x-1.0","https://drupal.org/project/genpass","Module"
"professional_theme","7.x-2.04","https://drupal.org/project/professional_theme","Theme"
"taxonomy_access_fix","7.x-2.1","https://drupal.org/project/taxonomy_access_fix","Module"
